功能模块,一级功能,二级功能,需求描述,业务规则/验收要点,优先级,阶段
登录,账号密码登录,登录邮箱输入,支持输入登录邮箱/账号,账号不能为空；格式错误时提示用户修正,P0,一期必做
登录,账号密码登录,登录密码输入,支持输入登录密码,密码不能为空；密码输入态加密显示,P0,一期必做
登录,账号密码登录,记住密码,支持记住登录账号,默认勾选；下次登录自动填充账号,P1,一期优化
登录,账号密码登录,登录按钮,点击完成身份认证,登录成功进入首页；失败显示错误提示,P0,一期必做
登录,账号密码登录,登录验证码,支持图形验证码验证,验证码4位字母数字；刷新可换,P2,二期
登录,钉钉扫码登录,钉钉扫码入口,支持切换至钉钉扫码登录,仅提供入口和提示，MVP内扫码功能调通,P1,一期优化
登录,钉钉扫码登录,扫码认证,支持钉钉扫码完成认证,扫码成功后跳转首页；失败提示重试,P1,一期优化
登录,找回密码,找回密码入口,提供忘记密码入口链接,点击跳转找回密码页,P0,一期必做
登录,找回密码,账号验证,支持输入登录账号验证身份,账号不存在时提示用户联系管理员,P0,一期必做
登录,找回密码,联系管理员,提供联系管理员引导,展示不可自助找回的说明，引导联系管理员,P0,一期必做
登录,首次登录改密,新密码输入,支持输入新密码,密码至少8位；需包含字母和数字,P0,一期必做
登录,首次登录改密,确认新密码,支持再次输入确认密码,两次密码一致方可提交,P0,一期必做
登录,首次登录改密,确认修改按钮,点击完成密码修改,修改成功后提示并跳转登录页,P0,一期必做
登录,会话管理,会话过期提示,会话过期后显示过期页面,超过30分钟无操作自动过期,P0,一期必做
登录,会话管理,重新登录,过期页面提供重新登录按钮,点击跳转登录页,P0,一期必做
登录,登录安全,登录设备记录,展示当前设备登录信息,显示浏览器/操作系统/IP/登录方式,P0,一期必做
登录,登录安全,退出登录,支持安全退出当前账号,退出后清除会话；跳转登录页,P0,一期必做
工作台,指标概览,新增线索指标,展示新增线索总数,数据按当前筛选范围统计；点击可跳转线索列表,P0,一期必做
工作台,指标概览,待跟进线索指标,展示待跟进线索数量,支持点击跳转线索列表并自动筛选待跟进,P0,一期必做
工作台,指标概览,成交额指标,展示累计成交金额,金额格式化为¥；点击跳转合同中心,P0,一期必做
工作台,指标概览,有效线索率,展示有效线索占比,计算公式：有效线索/总线索；静态展示,P1,一期优化
工作台,指标概览,线索成交率,展示线索转客户成交比率,计算公式：成交线索/总线索；静态展示,P1,一期优化
工作台,指标概览,客户活跃度,展示客户活跃度评分,评分依据最近跟进/沟通情况；静态展示,P1,一期优化
工作台,数据筛选,时间范围筛选,支持按今日/本周/本月/自定义筛选数据,筛选影响所有指标和图表数据,P0,一期必做
工作台,数据筛选,站点筛选,支持按站点筛选数据,管理员/区域负责人可见全部站点；销售仅本人站点,P1,一期优化
工作台,数据筛选,查询按钮,点击刷新工作台数据,根据所选时间和站点重新加载,P0,一期必做
工作台,数据筛选,重置按钮,重置筛选条件为默认值,时间默认本月；站点默认全部,P1,一期优化
工作台,销售漏斗,漏斗图表,展示线索阶段转换柱状图,按5个阶段（首次联系/需求确认/样品/报价/成交）,P1,一期优化
工作台,成交趋势,成交额趋势图,展示月度成交额折线趋势,按近6个月维度展示,P2,二期
工作台,快捷入口,公海池快捷入口,提供公海池快速导航卡片,点击跳转公海池页面,P0,一期必做
工作台,快捷入口,线索列表快捷入口,提供线索列表快速导航卡片,点击跳转线索列表页面,P0,一期必做
工作台,快捷入口,客户列表快捷入口,提供客户列表快速导航卡片,点击跳转客户列表页面,P0,一期必做
工作台,快捷入口,合同中心快捷入口,提供合同中心快速导航卡片,点击跳转合同中心页面,P0,一期必做
工作台,快捷入口,快捷入口卡片,快捷入口支持标题和描述,每张卡片包含图标/标题/描述,P0,一期必做
邮件,邮件列表,文件夹切换,支持按未读/收件箱/已发送/草稿/垃圾箱切换,切换后刷新邮件列表,P0,一期必做
邮件,邮件列表,邮件列表展示,展示邮件摘要列表,显示主题/发件人/摘要/时间,P0,一期必做
邮件,邮件列表,未读标记,未读邮件显示蓝色圆点标记,点击后自动标记为已读,P0,一期必做
邮件,邮件列表,邮件搜索,支持按关键词搜索邮件,在列表中筛选匹配邮件,P0,一期必做
邮件,邮件列表,邮箱筛选,支持按邮箱账号筛选,可选全部或指定邮箱,P1,一期优化
邮件,邮件列表,时间范围筛选,支持按日期范围筛选邮件,与搜索条件组合使用,P1,一期优化
邮件,邮件列表,附件筛选,支持按附件有无筛选,可选全部/有附件/无附件,P2,二期
邮件,邮件列表,刷新邮件,支持手动刷新邮件列表,重新加载最新邮件数据,P0,一期必做
邮件,邮件详情,邮件正文查看,支持查看完整邮件正文和附件,正文HTML渲染；附件可查看名称和大小,P0,一期必做
邮件,邮件详情,发件人信息展示,展示发件人/收件人/时间/来源站点,使用信息表格展示,P0,一期必做
邮件,AI智能分析,AI意图总结,AI自动总结邮件内容意图,展示意向总结文本,P0,一期必做
邮件,AI智能分析,AI企业情报,AI提取邮件中的企业信息,展示企业名称/情报摘要,P0,一期必做
邮件,AI智能分析,AI风险提醒,AI识别邮件中的风险信号,展示风险类型和提醒内容,P0,一期必做
邮件,AI智能分析,AI标签,AI自动生成邮件标签,标签带AI标识；支持点击筛选,P0,一期必做
邮件,AI智能分析,批量AI提炼,支持对多封邮件批量AI分析,选择多封邮件后点击按钮触发,P2,二期
邮件,线索转化,生成线索,支持从未关联邮件生成线索,自动填充企业名称/邮箱等字段；新建后跳转线索详情,P0,一期必做
邮件,线索转化,查看线索,已关联线索时支持查看,关联线索时按钮展示；点击跳转线索详情,P0,一期必做
邮件,邮件操作,回复邮件,支持回复邮件,打开回复编辑器（MVP为toast提示）,P1,一期优化
邮件,邮件操作,更多操作,支持其他邮件操作,弹出更多操作列表,P2,二期
WhatsApp,会话列表,会话列表展示,展示所有WhatsApp会话,显示联系人/企业/最后消息/时间/未读数,P0,一期必做
WhatsApp,会话列表,未读标记,未读消息显示红色角标,已读后消失,P0,一期必做
WhatsApp,会话列表,会话搜索,支持按关键词搜索会话,在会话列表中筛选匹配会话,P0,一期必做
WhatsApp,会话列表,账号筛选,支持按WhatsApp账号筛选,可选配置的WhatsApp号码,P2,二期
WhatsApp,会话列表,刷新会话,支持手动刷新会话列表,重新加载最新会话数据,P0,一期必做
WhatsApp,消息详情,消息记录展示,展示完整会话消息时间线,按时间倒序展示；支持懒加载历史消息,P0,一期必做
WhatsApp,消息详情,联系人信息展示,展示手机号/企业名称/地理位置/状态,使用信息表格展示,P0,一期必做
WhatsApp,消息详情,消息气泡,我方和对方消息区分样式,我方蓝色背景；对方灰色背景,P0,一期必做
WhatsApp,AI智能分析,AI意向摘要,AI自动生成会话意向摘要,展示在联系人信息区域,P0,一期必做
WhatsApp,AI智能分析,AI标签,AI自动生成会话标签,标签带AI标识,P0,一期必做
WhatsApp,线索转化,生成线索,支持从未关联会话生成线索,自动填充联系人/企业等信息,P0,一期必做
WhatsApp,线索转化,查看线索,已关联线索时支持查看,点击跳转线索详情,P0,一期必做
WhatsApp,客户关联,查看客户,已关联客户时支持查看客户详情,点击跳转客户详情页,P1,一期优化
WhatsApp,消息操作,回复消息,支持回复WhatsApp消息,打开回复输入框（MVP为toast提示）,P1,一期优化
线索列表,状态筛选Tabs,状态Tab切换,支持按全部/待跟进/跟进中/已成交客户/丢失切换,切换Tab时重新加载线索列表,P0,一期必做
线索列表,列表查询,站点筛选,支持按站点筛选线索,下拉选择；包含全部选项,P0,一期必做
线索列表,列表查询,创建时间筛选,支持按创建日期筛选线索,日期选择器,P1,一期优化
线索列表,列表查询,关键词搜索,支持输入关键词搜索线索,搜索线索名称/企业/联系人,P0,一期必做
线索列表,列表查询,状态筛选,支持按线索状态筛选,下拉选择；与Tab联动,P0,一期必做
线索列表,列表查询,阶段筛选,支持按线索阶段筛选,下拉选择当前阶段,P1,一期优化
线索列表,列表查询,意向产品筛选,支持按意向产品筛选,文本输入,P2,二期
线索列表,列表查询,查询按钮,点击执行查询,组合所有筛选条件查询,P0,一期必做
线索列表,列表查询,重置按钮,重置所有筛选条件,恢复默认值；刷新列表,P0,一期必做
线索列表,线索表格,线索名称列,展示线索名称；支持点击跳转,主标识列，固定左侧；点击跳转线索详情,P0,一期必做
线索列表,线索表格,来源列,展示线索来源渠道,显示邮件/WhatsApp等,P0,一期必做
线索列表,线索表格,站点列,展示所属站点名称,关联站点数据,P0,一期必做
线索列表,线索表格,负责人列,展示当前负责人,无人认领时显示\-,P0,一期必做
线索列表,线索表格,状态列,展示线索状态标签,状态自动匹配颜色（待跟进/跟进中/高意向/已转客户/丢失）,P0,一期必做
线索列表,线索表格,阶段列,展示线索当前阶段,显示阶段名称,P1,一期优化
线索列表,线索表格,标签列,展示线索标签（最多3个）,超出显示+1/+2；类型自动匹配颜色,P0,一期必做
线索列表,线索表格,意向产品列,展示意向产品（最多2个）,超出显示+1,P1,一期优化
线索列表,线索表格,最近跟进列,展示最近跟进时间,无跟进留空,P0,一期必做
线索列表,线索表格,创建时间列,展示线索创建时间,按创建时间倒序排列,P0,一期必做
线索列表,线索表格,表格分页,支持分页浏览线索,显示共XX条；支持翻页,P0,一期必做
线索列表,线索表格,多行选择,支持选择多条线索进行批量操作,checkbox选择；选择后显示批量操作按钮,P0,一期必做
线索列表,行操作,跟进,支持对线索录入跟进,打开跟进记录抽屉；需跟进权限,P0,一期必做
线索列表,行操作,打标,支持对线索添加标签,打开打标弹窗；显示AI推荐标签和热门标签,P0,一期必做
线索列表,行操作,编辑,支持编辑线索信息,打开编辑线索抽屉,P0,一期必做
线索列表,行操作,更多操作,支持查看更多操作选项,打开更多操作弹窗,P0,一期必做
线索列表,更多操作弹窗,查看邮件,查看线索关联的邮件,跳转邮件详情,P0,一期必做
线索列表,更多操作弹窗,查看WhatsApp,查看线索关联的WhatsApp消息,跳转WhatsApp详情,P0,一期必做
线索列表,更多操作弹窗,分配线索,支持将线索分配给他人,打开分配线索弹窗,P0,一期必做
线索列表,更多操作弹窗,标记无效,支持将线索标记为无效/丢失,打开标记弹窗；选择原因类型,P1,一期优化
线索列表,批量操作,批量分配,支持批量分配线索负责人,选择多条后点击；打开分配弹窗,P0,一期必做
线索列表,批量操作,批量回收,支持批量回收线索至公海,危险操作；需二次确认,P0,一期必做
线索列表,工具栏,跟进日志入口,提供跟进日志全局入口,固定显示；点击跳转跟进日志页面,P0,一期必做
线索列表,工具栏,刷新,支持刷新线索列表,重新加载数据,P0,一期必做
线索列表,工具栏,导出,支持导出线索列表,导出当前查询结果（MVP为toast提示）,P1,一期优化
线索列表,打标弹窗,标签列表,展示AI推荐标签和热门标签,分两类展示；带AI标识,P0,一期必做
线索列表,打标弹窗,自定义标签,支持输入自定义标签,输入后回车添加,P0,一期必做
线索列表,打标弹窗,标签选择,支持选择/取消标签,已选标签高亮显示,P0,一期必做
线索列表,打标弹窗,确认打标,点击确认保存标签,保存后刷新标签显示,P0,一期必做
线索列表,编辑线索抽屉,线索编号,编辑线索时展示线索编号,只读字段,P0,一期必做
线索列表,编辑线索抽屉,企业名称,支持编辑企业名称,必填字段；不能为空,P0,一期必做
线索列表,编辑线索抽屉,联系人姓名,支持编辑联系人姓名,选填字段,P1,一期优化
线索列表,编辑线索抽屉,联系人邮箱,支持编辑联系人邮箱,选填；邮箱格式校验,P1,一期优化
线索列表,编辑线索抽屉,联系人电话,支持编辑联系人电话,选填字段,P1,一期优化
线索列表,编辑线索抽屉,来源站点,支持修改来源站点,必填；下拉选择,P0,一期必做
线索列表,编辑线索抽屉,来源渠道,支持修改来源渠道,选填；下拉选择,P1,一期优化
线索列表,编辑线索抽屉,保存编辑,点击保存编辑后的线索,保存后toast提示；刷新列表,P0,一期必做
线索详情,详情头部,线索基本信息展示,展示线索名称/编码/状态/阶段等,使用infoGrid展示,P0,一期必做
线索详情,详情头部,指标卡片,展示状态阶段/负责人/最近跟进/下次跟进,4张指标卡片,P0,一期必做
线索详情,详情操作,分配,公海线索支持分配负责人,仅公海状态显示；打开分配弹窗,P0,一期必做
线索详情,详情操作,录入跟进,支持录入跟进记录,打开跟进记录抽屉,P0,一期必做
线索详情,详情操作,编辑,支持编辑线索信息,打开编辑线索抽屉,P0,一期必做
线索详情,详情操作,返回列表,返回线索列表页面,保留当前筛选条件,P0,一期必做
线索详情,沟通记录,关联消息时间线,展示线索关联的邮件和WhatsApp消息,按时间线排列,P0,一期必做
线索详情,跟进日志,跟进日志列表,展示当前线索的跟进记录,表格展示；含时间/跟进人/方式/内容,P0,一期必做
线索详情,关联合同,关联合同列表,展示线索关联的合同,合同子表格展示,P1,一期优化
线索详情,AI画像,AI智能分析,展示AI自动生成的线索分析,段落文本形式；含摘要和企业信息,P0,一期必做
线索详情,AI画像,意向产品,展示AI识别的意向产品,Tag形式展示,P0,一期必做
线索详情,基础信息,企业信息展示,展示企业名/联系人/邮箱/电话/来源,infoGrid展示,P0,一期必做
线索详情,基础信息,关联对象,展示关联客户和关联消息数,客户名称可点击跳转,P0,一期必做
跟进日志,跟进日志列表,时间范围筛选,支持按日期范围筛选,日期选择器,P1,一期优化
跟进日志,跟进日志列表,跟进人筛选,支持按跟进人筛选,下拉选择用户,P1,一期优化
跟进日志,跟进日志列表,关键词搜索,支持搜索线索关键词,模糊搜索线索名称,P0,一期必做
跟进日志,跟进日志列表,跟进方式筛选,支持按跟进方式筛选,电话/邮件/WhatsApp/会议/拜访/备注,P1,一期优化
跟进日志,跟进日志列表,表格展示,展示所有跟进记录,含跟进时间/线索/跟进人/方式/阶段/内容/下次跟进,P0,一期必做
跟进日志,跟进日志列表,详情查看,查看跟进记录详情,行操作按钮,P0,一期必做
跟进日志,跟进日志列表,导出,支持导出跟进日志,导出当前筛选结果,P2,二期
跟进日志,跟进日志列表,返回列表,返回线索列表页面,顶部操作按钮,P0,一期必做
录入跟进,跟进表单,线索名称,展示当前线索名称,只读字段,P0,一期必做
录入跟进,跟进表单,跟进方式,选择跟进方式,电话/邮件/WhatsApp/会议/拜访/备注；dropdown选择,P0,一期必做
录入跟进,跟进表单,当前阶段,选择当前阶段,首次联系/需求确认/样品/报价/合同已成交；联动状态更新,P1,一期优化
录入跟进,跟进表单,下次跟进时间,设置下次跟进日期,日期选择器；默认设为明天,P0,一期必做
录入跟进,跟进表单,跟进内容,输入跟进内容,文本域；必填；不能为空,P0,一期必做
录入跟进,跟进表单,保存跟进,保存跟进记录,保存后更新线索最近跟进时间和阶段；toast提示,P0,一期必做
公海池,列表查询,站点筛选,支持按站点筛选公海线索,下拉选择,P0,一期必做
公海池,列表查询,入池时间筛选,支持按入池日期筛选,日期选择器,P1,一期优化
公海池,列表查询,关键词搜索,支持搜索线索关键词,模糊搜索名称,P0,一期必做
公海池,列表查询,来源渠道筛选,支持按来源渠道筛选,下拉选择,P1,一期优化
公海池,公海表格,线索名称列,展示线索名称,主标识列；固定左侧,P0,一期必做
公海池,公海表格,来源渠道列,展示来源渠道,显示邮件/WhatsApp,P0,一期必做
公海池,公海表格,站点列,展示所属站点,关联站点名称,P0,一期必做
公海池,公海表格,入池时间列,展示入池时间,精确到天,P0,一期必做
公海池,公海表格,意向产品列,展示意向产品,产品名称,P1,一期优化
公海池,公海表格,入池原因列,展示回收原因,显示回收时填写的原因,P0,一期必做
公海池,行操作,分配,支持分配公海线索给负责人,打开分配弹窗,P0,一期必做
公海池,行操作,查看详情,支持查看线索详情,跳转线索详情页（仅查看+分配）,P0,一期必做
公海池,批量操作,批量分配,支持批量分配线索,选择多条后点击；打开分配弹窗,P0,一期必做
分配操作,分配表单,新负责人选择,选择目标负责人,仅可选销售人员；必填,P0,一期必做
分配操作,分配表单,分配备注,填写分配备注,文本域；必填,P0,一期必做
分配操作,分配弹窗,确认分配,确认执行分配,分配后更新线索ownerId和状态；toast提示,P0,一期必做
分配操作,回收至公海,回收原因,填写回收原因,文本域；必填；危险弹窗,P0,一期必做
分配操作,回收至公海,确认回收,确认执行回收,清除负责人；状态改为公海待分配；toast提示,P0,一期必做
转客户操作,客户转交,新负责人选择,选择转交目标负责人,下拉选择；必填,P0,一期必做
转客户操作,客户转交,转交备注,填写转交备注,文本域；必填,P0,一期必做
转客户操作,客户转交,确认转交,确认执行转交,更新客户ownerId和线索ownerId,P0,一期必做
客户列表,列表查询,关键词搜索,支持搜索客户关键词,模糊搜索客户名称,P0,一期必做
客户列表,列表查询,国家/地区筛选,支持按国家筛选,下拉选择,P2,二期
客户列表,列表查询,行业筛选,支持按行业筛选,下拉选择,P2,二期
客户列表,列表查询,负责人筛选,支持按负责人筛选,下拉选择,P1,一期优化
客户列表,列表查询,站点筛选,支持按站点筛选,下拉选择,P0,一期必做
客户列表,客户表格,客户名称列,展示客户名称,主标识列；可点击跳转详情,P0,一期必做
客户列表,客户表格,站点列,展示所属站点,关联站点数据,P0,一期必做
客户列表,客户表格,国家/地区列,展示客户所在国家,文本展示,P1,一期优化
客户列表,客户表格,行业列,展示客户行业,文本展示,P1,一期优化
客户列表,客户表格,负责人列,展示当前负责人,关联用户数据,P0,一期必做
客户列表,客户表格,标签列,展示客户标签,分级标签颜色区分,P1,一期优化
客户列表,客户表格,关联线索数列,展示关联线索数量,数字展示,P0,一期必做
客户列表,客户表格,最近签约列,展示最近签约合同,合同名称/金额,P1,一期优化
客户列表,工具栏,新建客户,支持创建新客户,打开新建客户抽屉；需创建权限,P0,一期必做
客户列表,工具栏,客户转交,支持批量转交客户,选择后点击；打开转交弹窗,P0,一期必做
客户列表,工具栏,刷新,刷新客户列表,重新加载,P0,一期必做
客户列表,工具栏,导出,导出客户数据,导出当前结果,P1,一期优化
客户列表,行操作,详情,查看客户详情,跳转客户详情页,P0,一期必做
客户列表,行操作,线索记录,查看客户关联线索,跳转并筛选,P1,一期优化
客户列表,行操作,AI画像,查看AI客户画像弹窗,打开只读弹窗展示AI分析,P0,一期必做
客户列表,行操作,更多操作,查看编辑联系人和转交,打开更多操作弹窗,P0,一期必做
客户列表,更多操作弹窗,编辑联系人,支持编辑客户联系人,打开编辑客户抽屉,P0,一期必做
客户列表,更多操作弹窗,转交,支持转交客户负责人,打开转交弹窗,P0,一期必做
客户列表,新建客户抽屉,客户名称,输入客户名称,必填字段,P0,一期必做
客户列表,新建客户抽屉,所属站点,选择所属站点,必填；下拉选择,P0,一期必做
客户列表,新建客户抽屉,国家/地区,选择客户国家,选填；下拉选择,P1,一期优化
客户列表,新建客户抽屉,行业,选择客户行业,选填；下拉选择,P1,一期优化
客户列表,新建客户抽屉,联系人信息,输入联系人姓名/职位/邮箱/电话,选填；套联系人信息,P1,一期优化
客户列表,新建客户抽屉,保存客户,保存新建客户,保存后toast提示；刷新列表；自动生成默认AI画像,P0,一期必做
客户详情,详情头部,客户基本信息展示,展示客户名称/编码/状态等,指标卡片+infoGrid,P0,一期必做
客户详情,详情头部,指标卡片,展示关联线索/合作合同/累计金额/状态,4张指标卡片,P0,一期必做
客户详情,详情操作,编辑联系人,支持编辑客户联系人,打开编辑客户抽屉,P0,一期必做
客户详情,详情操作,新增合同,支持新增合同,打开新增合同抽屉；需创建权限,P0,一期必做
客户详情,详情操作,返回列表,返回客户列表,保留筛选条件,P0,一期必做
客户详情,客户信息Tab,基础信息,展示公司/国家/行业/官网/站点/创建时间/标签,infoGrid展示,P0,一期必做
客户详情,线索记录Tab,关联线索列表,展示该客户的全部关联线索,完整表格展示,P1,一期优化
客户详情,联系人Tab,联系人列表,展示联系人姓名/职位/邮箱/电话/WhatsApp/角色,表格展示；8列,P0,一期必做
客户详情,联系人Tab,编辑联系人,支持编辑联系人信息,行操作按钮,P0,一期必做
客户详情,联系人Tab,删除联系人,支持删除联系人,二次确认后删除,P1,一期优化
客户详情,联系人Tab,主要联系人标识,标识主要联系人,仅可设置一位为主要联系人,P1,一期优化
客户详情,合同Tab,合作合同列表,展示客户关联的合同,合同子表格展示,P0,一期必做
客户详情,AI画像Tab,AI公司简介,AI自动生成公司简介,只读展示,P0,一期必做
客户详情,AI画像Tab,AI主营业务,AI识别的主营业务,只读展示,P0,一期必做
客户详情,AI画像Tab,AI企业规模,AI识别的企业规模信息,只读展示,P0,一期必做
客户详情,AI画像Tab,AI目标市场,AI识别的目标市场,只读展示,P0,一期必做
客户详情,AI画像Tab,AI风险信息,AI识别的潜在风险,只读展示,P0,一期必做
合同中心,列表查询,合同编号搜索,支持按合同编号搜索,文本输入,P0,一期必做
合同中心,列表查询,客户名称搜索,支持按客户名称搜索,文本输入,P1,一期优化
合同中心,列表查询,签约日期筛选,支持按签约日期范围筛选,日期选择器,P1,一期优化
合同中心,列表查询,状态筛选,支持按合同状态筛选,下拉选择：全部/已签约/执行中/已完成/已终止/已作废,P0,一期必做
合同中心,列表查询,负责人筛选,支持按负责人筛选,下拉选择,P1,一期优化
合同中心,合同表格,合同编号列,展示合同编号,主标识列；固定左侧,P0,一期必做
合同中心,合同表格,合同名称列,展示合同名称,文本展示,P0,一期必做
合同中心,合同表格,客户列,展示关联客户,关联客户数据；可点击,P0,一期必做
合同中心,合同表格,金额列,展示合同金额,金额格式化为¥,P0,一期必做
合同中心,合同表格,签约日期列,展示签约日期,日期展示,P0,一期必做
合同中心,合同表格,状态列,展示合同状态,状态标签颜色区分,P0,一期必做
合同中心,合同表格,负责人列,展示合同负责人,关联用户数据,P1,一期优化
合同中心,工具栏,新增合同,支持新增合同,打开新增合同抽屉；需创建权限,P0,一期必做
合同中心,工具栏,刷新,刷新合同列表,重新加载,P0,一期必做
合同中心,工具栏,导出,导出合同数据,导出当前结果,P1,一期优化
合同中心,行操作,详情,查看合同详情,跳转合同详情页,P0,一期必做
合同中心,行操作,编辑金额,支持编辑合同金额,直接编辑行内金额字段,P1,一期优化
合同中心,行操作,编辑,编辑合同信息,打开编辑合同抽屉,P0,一期必做
合同中心,行操作,更多操作,查看作废/终止操作,非终态合同可操作,P1,一期优化
合同中心,新增合同抽屉,合同编号,输入合同编号,必填；系统预生成,P0,一期必做
合同中心,新增合同抽屉,合同名称,输入合同名称,必填字段,P0,一期必做
合同中心,新增合同抽屉,客户选择,选择关联客户,必填；下拉选择,P0,一期必做
合同中心,新增合同抽屉,关联线索,选择关联线索,选填；下拉选择,P1,一期优化
合同中心,新增合同抽屉,金额输入,输入合同金额,必填；数字输入；格式化为¥,P0,一期必做
合同中心,新增合同抽屉,签约日期,选择签约日期,必填；日期选择器,P0,一期必做
合同中心,新增合同抽屉,合同状态,选择合同状态,必填；下拉选择,P0,一期必做
合同中心,新增合同抽屉,保存合同,保存新建合同,保存后toast提示；刷新列表,P0,一期必做
合同详情,详情头部,合同信息展示,展示合同全部信息,指标卡+infoGrid,P0,一期必做
合同详情,详情头部,指标卡片,展示金额/状态/负责人/签约日期,4张指标卡片,P0,一期必做
合同详情,详情操作,编辑,非终态合同支持编辑,打开编辑合同抽屉,P0,一期必做
合同详情,详情操作,返回列表,返回合同列表,保留筛选条件,P0,一期必做
合同详情,基本信息,客户关联,展示关联客户信息,客户名称可点击跳转,P0,一期必做
合同详情,基本信息,线索关联,展示关联线索信息,线索可点击跳转,P1,一期优化
合同详情,操作记录,跟进日志,展示关联线索的跟进日志,合同详情页展示相关跟进日志,P2,二期
销售经营,分析筛选,时间快捷选项,支持今日/本周/本月/本季度/自定义切换,切换时重新加载分析数据,P0,一期必做
销售经营,分析筛选,站点筛选,支持按站点筛选分析数据,下拉选择,P1,一期优化
销售经营,指标卡片,线索总数,展示全部线索总数,按筛选范围统计,P0,一期必做
销售经营,指标卡片,新增线索,展示新增线索数量,按筛选范围统计,P0,一期必做
销售经营,指标卡片,成交金额,展示累计成交金额,金额格式化为¥,P0,一期必做
销售经营,指标卡片,线索转化率,展示线索转化率,百分比展示,P1,一期优化
销售经营,销售漏斗,漏斗分析,展示线索各阶段转化漏斗,按5个阶段展示,P1,一期优化
销售经营,趋势图,线索增长与成交趋势,展示近6个月线索增长和成交金额组合图,柱状+折线组合图,P2,二期
销售经营,销售排行榜,成交额排行,展示销售人员按成交额排名TOP10,含业务员/团队/线索数/跟进数/转客户数/金额/目标达成,P1,一期优化
销售经营,销售排行榜,转客数排行,展示销售人员按转客户数排名TOP10,切换排行维度,P2,二期
获客分析,分析筛选,时间快捷选项,支持时间快捷切换,同销售经营,P0,一期必做
获客分析,分析筛选,站点筛选,支持按站点筛选,下拉选择,P1,一期优化
获客分析,指标卡片,消息总量,展示邮件+WhatsApp消息总数,按筛选范围统计,P0,一期必做
获客分析,指标卡片,AI识别数量,AI自动识别的消息数量,展示AI处理能力,P1,一期优化
获客分析,指标卡片,有效消息比例,展示有效消息占比,百分比展示,P2,二期
获客分析,指标卡片,增长,展示消息增长趋势,环比增长率,P2,二期
获客分析,渠道效能,邮件效能卡片,展示邮件渠道消息数/线索数/转化率,含渠道维度指标,P0,一期必做
获客分析,渠道效能,WhatsApp效能卡片,展示WhatsApp渠道消息数/线索数/转化率,含渠道维度指标,P0,一期必做
获客分析,站点价值,站点价值列表,展示各站点渠道/消息/线索/转化率/金额,表格展示；支持点击查看站点,P1,一期优化
客户经营,分析筛选,时间范围筛选,支持按时间范围筛选,日期选择器,P1,一期优化
客户经营,分析筛选,站点筛选,支持按站点筛选,下拉选择,P1,一期优化
客户经营,指标卡片,客户总数,展示累计客户总数,按筛选范围统计,P0,一期必做
客户经营,指标卡片,新增客户,展示本月新增客户数,按筛选范围统计,P0,一期必做
客户经营,指标卡片,成交客户,展示成交客户数量,按筛选范围统计,P1,一期优化
客户经营,指标卡片,客户增长率,展示客户增长率,百分比展示,P2,二期
客户经营,行业分布,客户行业分布图,展示客户行业占比饼图,按行业维度分布,P2,二期
客户经营,国家分布,客户国家分布图,展示客户国家分布柱状图,按国家维度分布,P2,二期
客户经营,转化趋势,年度转化趋势,展示月度客户转化趋势折线图,按月维度展示,P2,二期
站点管理,列表查询,关键词搜索,支持搜索站点关键词,模糊搜索站点名称/编码/域名,P0,一期必做
站点管理,站点表格,站点名称列,展示站点名称,主标识列；固定左侧,P0,一期必做
站点管理,站点表格,站点编码列,展示站点编码,文本展示,P0,一期必做
站点管理,站点表格,域名列,展示站点域名,文本展示,P0,一期必做
站点管理,站点表格,状态列,展示站点状态标签,启用/停用颜色区分,P0,一期必做
站点管理,站点表格,接口状态列,展示接口连接状态,正常/异常颜色区分,P0,一期必做
站点管理,站点表格,最近拉取列,展示最近数据拉取时间,显示时间+条数,P0,一期必做
站点管理,站点表格,创建时间列,展示站点创建时间,日期展示,P0,一期必做
站点管理,工具栏,新增站点,支持新增站点,打开新增站点抽屉,P0,一期必做
站点管理,工具栏,刷新,刷新站点列表,重新加载,P0,一期必做
站点管理,行操作,编辑,编辑站点信息,打开编辑站点抽屉,P0,一期必做
站点管理,行操作,启用/停用,启用或停用站点,二次确认后执行,P0,一期必做
站点管理,行操作,配置,进入站点配置页,跳转站点配置页,P0,一期必做
站点详情,详情头部,站点信息展示,展示站点全部信息,指标卡+infoGrid,P0,一期必做
站点详情,详情头部,指标卡片,展示线索/客户/合同/接口状态,4张指标卡片,P0,一期必做
站点详情,详情操作,进入配置,进入站点配置页,跳转配置页,P0,一期必做
站点详情,详情操作,返回列表,返回站点列表,保留筛选条件,P0,一期必做
站点配置,联系方式Tab,联系邮箱配置,配置站点联系邮箱,输入后保存,P0,一期必做
站点配置,联系方式Tab,WhatsApp配置,配置站点WhatsApp号码,输入后保存,P0,一期必做
站点配置,联系方式Tab,保存配置,保存联系方式配置,保存后toast提示,P0,一期必做
站点配置,业务流程Tab,阶段管理,管理站点线索阶段,表格展示阶段名称/触发高意向/排序,P0,一期必做
站点配置,业务流程Tab,新增阶段,支持新增阶段,表单输入阶段名称,P1,一期优化
站点配置,公海规则Tab,启用自动回收,配置是否启用自动回收,开关/选择,P0,一期必做
站点配置,公海规则Tab,回收超时时长,配置回收超时天数,数字输入；单位天,P0,一期必做
站点配置,公海规则Tab,保存公海规则,保存回收规则配置,保存后toast提示,P0,一期必做
站点配置,AI规则Tab,启用AI识别,配置是否启用AI识别,开关/选择,P1,一期优化
站点配置,AI规则Tab,保存AI配置,保存AI规则配置,保存后toast提示,P1,一期优化
站点配置,系统规则Tab,关键词规则管理,管理关键词规则,表格展示规则名称/关键词/匹配逻辑/优先级/状态,P2,二期
站点配置,系统规则Tab,新增关键词规则,支持新增关键词规则,表单输入规则信息,P2,二期
用户管理,列表查询,关键词搜索,支持搜索用户关键词,模糊搜索姓名/账号/手机号,P0,一期必做
用户管理,列表查询,状态筛选,支持按状态筛选用户,下拉选择：全部/启用/停用,P1,一期优化
用户管理,用户表格,姓名列,展示用户姓名,主标识列；固定左侧,P0,一期必做
用户管理,用户表格,登录账号列,展示登录账号,文本展示,P0,一期必做
用户管理,用户表格,手机号列,展示手机号,文本展示,P1,一期优化
用户管理,用户表格,邮箱列,展示邮箱,文本展示,P1,一期优化
用户管理,用户表格,角色列,展示用户角色,显示角色名称,P0,一期必做
用户管理,用户表格,站点列,展示所属站点,关联站点名称,P0,一期必做
用户管理,用户表格,状态列,展示用户状态标签,启用/停用颜色区分,P0,一期必做
用户管理,工具栏,新增用户,支持新增用户,打开新增用户抽屉；需管理员权限,P0,一期必做
用户管理,工具栏,角色权限配置,跳转角色权限配置页,点击跳转角色权限页面,P0,一期必做
用户管理,工具栏,刷新,刷新用户列表,重新加载,P0,一期必做
用户管理,行操作,编辑,编辑用户信息,打开编辑用户抽屉,P0,一期必做
用户管理,行操作,启用/停用,启用或停用用户,管理员不可停用；二次确认,P0,一期必做
用户管理,行操作,重置密码,重置用户密码,二次确认后执行,P1,一期优化
用户管理,新增用户抽屉,姓名,输入用户姓名,必填字段,P0,一期必做
用户管理,新增用户抽屉,登录账号,输入登录账号,必填字段；唯一性校验,P0,一期必做
用户管理,新增用户抽屉,手机号,输入手机号,选填字段,P1,一期优化
用户管理,新增用户抽屉,邮箱,输入邮箱,选填字段,P1,一期优化
用户管理,新增用户抽屉,角色,选择用户角色,必填；下拉选择,P0,一期必做
用户管理,新增用户抽屉,所属站点,选择所属站点,必填；下拉选择,P0,一期必做
用户管理,新增用户抽屉,状态,选择初始状态,启用/停用；下拉选择,P0,一期必做
用户管理,新增用户抽屉,保存用户,保存新建用户,保存后toast提示；刷新列表,P0,一期必做
角色权限,角色列表,角色展示,展示所有系统角色,左侧列表；显示角色名+数据范围,P0,一期必做
角色权限,角色列表,角色选择,支持选择角色查看/编辑权限,点击角色切换权限矩阵,P0,一期必做
角色权限,权限矩阵,菜单权限配置,支持配置各角色的菜单访问权限,7项菜单权限：工作台/沟通/线索/客户/分析/站点/系统,P0,一期必做
角色权限,权限矩阵,按钮权限配置,支持配置各角色的按钮操作权限,6项按钮：新增/编辑/导出/分配/转交/配置,P0,一期必做
角色权限,权限矩阵,数据权限配置,支持配置数据可见范围,4级：仅本人/本团队/本区域/全部,P0,一期必做
角色权限,权限矩阵,保存权限,保存当前角色的权限配置,保存后提示；实时生效,P0,一期必做
角色权限,内置角色,内置角色保护,超级管理员不可停用/删除,系统预设角色受保护,P0,一期必做
系统日志,登录日志Tab,时间范围筛选,支持按时间范围筛选登录日志,日期选择器,P1,一期优化
系统日志,登录日志Tab,账号搜索,支持按登录账号搜索,文本输入,P1,一期优化
系统日志,登录日志Tab,结果类型筛选,支持按登录结果筛选,下拉选择,P1,一期优化
系统日志,登录日志Tab,登录日志表格,展示登录时间/账号/姓名/IP/方式/结果/浏览器/OS,完整日志表格,P0,一期必做
系统日志,登录日志Tab,登录日志导出,支持导出登录日志,导出当前筛选结果,P1,一期优化
系统日志,操作日志Tab,时间范围筛选,支持按时间范围筛选操作日志,日期选择器,P1,一期优化
系统日志,操作日志Tab,操作人搜索,支持按操作人搜索,文本输入,P1,一期优化
系统日志,操作日志Tab,结果类型筛选,支持按操作结果筛选,下拉选择,P1,一期优化
系统日志,操作日志Tab,操作日志表格,展示操作时间/人/类型/对象/内容/IP,完整日志表格,P0,一期必做
系统日志,操作日志Tab,操作日志导出,支持导出操作日志,导出当前筛选结果,P1,一期优化
系统日志,日志详情,日志详情查看,支持查看单条日志详情,行操作按钮；弹窗展示,P1,一期优化
系统参数,AI能力配置Tab,AI服务商配置,选择AI服务商,下拉选择,P0,一期必做
系统参数,AI能力配置Tab,AI模型配置,选择AI模型,下拉选择,P0,一期必做
系统参数,AI能力配置Tab,API端点配置,配置API Endpoint地址,文本输入,P0,一期必做
系统参数,AI能力配置Tab,AI启用开关,是否启用AI增强功能,开关选择,P0,一期必做
系统参数,AI能力配置Tab,本月用量展示,展示当前月AI使用量,只读展示,P1,一期优化
系统参数,AI能力配置Tab,保存AI配置,保存AI能力配置,保存后toast提示,P0,一期必做
系统参数,业务规则Tab,业务规则表格,展示业务规则列表,有效询盘入池/邮件创建线索/回收天数/合同归属,P0,一期必做
系统参数,业务规则Tab,编辑业务规则,支持编辑业务规则参数,行内编辑,P1,一期优化
系统参数,消息提醒Tab,提醒规则表格,展示消息提醒规则,分配提醒/待跟进提醒/签约提醒,P0,一期必做
系统参数,消息提醒Tab,编辑提醒规则,支持编辑提醒规则,行内编辑,P1,一期优化
系统参数,系统参数Tab,参数表格,展示系统级参数,超时时长/密码最短长度/复杂度要求,P0,一期必做
系统参数,系统参数Tab,编辑系统参数,支持编辑系统参数,行内编辑,P1,一期优化
个人中心,我的资料,用户信息展示,展示姓名/手机号/邮箱/角色,表单只读展示,P0,一期必做
个人中心,我的资料,用户信息编辑,支持编辑用户资料,编辑后保存更新,P1,一期优化
个人中心,我的资料,保存资料,保存个人资料修改,保存后toast提示,P1,一期优化
个人中心,账号绑定,邮箱绑定,展示已绑定邮箱和时间,只读展示绑定信息,P0,一期必做
个人中心,账号绑定,新增邮箱绑定,支持新增邮箱绑定,新增绑定操作,P2,二期
个人中心,账号绑定,删除邮箱绑定,支持解绑邮箱,二次确认；danger按钮,P2,二期
个人中心,账号绑定,WhatsApp绑定,展示已绑定WhatsApp号码,只读展示,P0,一期必做
个人中心,账号绑定,解绑WhatsApp,支持解绑WhatsApp,二次确认；danger按钮,P2,二期
个人中心,修改密码,新密码输入,输入新密码,密码至少8位；含字母和数字,P0,一期必做
个人中心,修改密码,确认新密码,再次输入确认新密码,两次密码一致方可提交,P0,一期必做
个人中心,修改密码,确认修改,点击完成密码修改,修改成功后退出登录；跳转登录页,P0,一期必做
个人中心,登录安全,当前设备信息,展示当前登录设备信息,浏览器/操作系统/IP/登录方式,P0,一期必做
个人中心,登录安全,退出当前登录,安全退出当前账号,danger按钮；确认后退出至登录页,P0,一期必做
全局导航,侧边栏,导航菜单,展示一级和二级导航菜单,7个一级菜单+子菜单；当前菜单高亮,P0,一期必做
全局导航,侧边栏,菜单展开/折叠,支持展开/收起二级菜单,点击切换展开状态；状态本地持久化,P0,一期必做
全局导航,顶部栏,全局搜索,支持全局快速搜索,搜索线索/客户/合同；placeholder文案,P0,一期必做
全局导航,顶部栏,角色切换,支持切换当前角色,dropdown选择；切换后刷新数据,P0,一期必做
全局导航,顶部栏,通知中心,支持查看系统通知,通知列表弹窗；分类型展示,P0,一期必做
全局导航,顶部栏,用户菜单,支持访问个人中心和退出,含我的资料/账号绑定/修改密码/退出登录,P0,一期必做
全局导航,多页签,Chrome标签页,支持多页面标签式切换,标签页导航；工作台固定不可关闭,P0,一期必做
全局导航,多页签,关闭标签,支持关闭当前/其他/全部标签页,关闭按钮+操作按钮,P0,一期必做
全局导航,多页签,标签固定,工作台标签固定不可关闭,保留至少一个标签页,P0,一期必做
全局导航,面包屑,当前位置导航,展示当前页面位置路径,面包屑导航提示当前位置,P0,一期必做
全局导航,权限控制,权限校验,无权限页面展示无权限提示页,访问无权限页面显示独立状态页,P0,一期必做
全局导航,权限控制,按钮权限,无操作权限的按钮隐藏,根据权限配置控制按钮显示,P0,一期必做
全局导航,加载状态,骨架屏加载,数据加载期间显示骨架屏,异步数据加载时的占位展示,P1,一期优化
全局导航,错误处理,系统异常页面,500错误展示系统异常页,含返回工作台按钮,P0,一期必做
全局导航,错误处理,网络异常页面,网络连接失败展示网络异常页,含重新加载按钮,P0,一期必做
全局导航,错误处理,404页面,无效路径展示页面不存在,含返回工作台按钮,P0,一期必做
状态页,无权限,无权限页,无权限访问时展示无权限提示,独立状态页；红色图标+提示文案,P0,一期必做
状态页,系统加载中,系统初始化加载,应用初始化时展示加载动画,加载完成后自动跳转,P0,一期必做
